﻿<?xml version="1.0" encoding="utf-8" ?>
<Advertisements>
  <Ad>
    <ImageUrl>download1.jpg</ImageUrl>
    <NavigateUrl>http://www.msdn.com</NavigateUrl>
    <AlternateText>"Hi"</AlternateText>
    <Impressions>80</Impressions>
    <Width>150</Width>
    <Height>150</Height>
    <Keyword>Img</Keyword>
  </Ad>
  <Ad>
    <ImageUrl>download2.jpg</ImageUrl>
    <NavigateUrl>http://www.google.com</NavigateUrl>
    <AlternateText>"Hello"</AlternateText>
    <Impressions>70</Impressions>
    <Width>150</Width>
    <Height>150</Height>
    <Keyword>Img1</Keyword>
  </Ad>
  <Ad>
    <ImageUrl>download3.jpg</ImageUrl>
    <NavigateUrl>http://www.gmail.com</NavigateUrl>
    <AlternateText>"Hi Hello"</AlternateText>
    <Impressions>50</Impressions>
    <Width>150</Width>
    <Height>150</Height>
    <Keyword>Img2</Keyword>
  </Ad>
</Advertisements>